{"cameraMode":{"drawMode":0,"name":"Shaded","section":"Shading Mode"},"sceneLighting":true,"audioPlay":false,"sceneViewState":{"m_AlwaysRefresh":false,"showFog":true,"showSkybox":true,"showFlares":true,"showImageEffects":true,"showParticleSystems":true,"showVisualEffectGraphs":true,"m_FxEnabled":true},"in2DMode":false,"pivot":{"x":0.11724072694778443,"y":0.7080990672111511,"z":0.07725212723016739},"rotation":{"x":-0.018669364973902704,"y":0.977112352848053,"z":-0.18874122202396394,"w":-0.09675853699445725},"size":1.0764482021331788,"orthographic":false}